feature,score,selected_frequency_top20,source_column
num__sem1_approval_rate,0.21005882841836665,1.0,sem1_approval_rate
num__Curricular units 1st sem (approved),0.15681463986346622,1.0,Curricular units 1st sem (approved)
num__Curricular units 1st sem (grade),0.13173647807159927,1.0,Curricular units 1st sem (grade)
num__grade_diff_vs_admission,0.11256331411112663,1.0,grade_diff_vs_admission
num__sem1_any_approved,0.0886808972664348,1.0,sem1_any_approved
num__sem1_evaluation_participation_rate,0.07357784797443156,1.0,sem1_evaluation_participation_rate
num__Curricular units 1st sem (evaluations),0.0436582879123355,1.0,Curricular units 1st sem (evaluations)
num__Previous qualification (grade),0.03140325514133657,1.0,Previous qualification (grade)
cat__Application mode_39,0.031388409483140034,0.8,Application mode
cat__Previous qualification_19,0.028627975825228358,0.0,Previous qualification
num__sem1_load,0.026267733091420276,0.8,sem1_load
num__Curricular units 1st sem (enrolled),0.025970423933485032,1.0,Curricular units 1st sem (enrolled)
num__Admission grade,0.0259091673146552,0.6,Admission grade
cat__Application mode_1,0.021451886360604577,0.8,Application mode
cat__Application mode_18,0.01936939340510757,0.0,Application mode
cat__Previous qualification_3,0.019291398325628872,0.0,Previous qualification
cat__Father's occupation_1,0.016385114521362043,0.2,Father's occupation
cat__Father's qualification_11,0.014988481055122627,0.0,Father's qualification
cat__Mother's occupation_8,0.014592846641901858,0.2,Mother's occupation
num__GDP,0.014573935320566278,0.0,GDP
cat__Mother's occupation_194,0.014223647377537008,0.0,Mother's occupation
cat__Mother's occupation_132,0.014061745704696316,0.0,Mother's occupation
cat__Mother's qualification_26,0.013890828468640093,0.4,Mother's qualification
cat__Father's occupation_102,0.013491608261369858,0.4,Father's occupation
cat__Father's occupation_0,0.01290746889749017,0.0,Father's occupation
cat__Father's qualification_10,0.01290527161220667,0.0,Father's qualification
cat__Mother's occupation_10,0.012898176838429531,0.0,Mother's occupation
cat__Father's occupation_161,0.012590873884454457,0.0,Father's occupation
cat__Father's qualification_5,0.012138089400326901,0.0,Father's qualification
cat__Father's qualification_9,0.011870842783340718,0.0,Father's qualification
cat__Application mode_15,0.011162479773324518,0.0,Application mode
cat__Previous qualification_1,0.01091401198061348,0.0,Previous qualification
cat__Application mode_7,0.01084967191745334,0.0,Application mode
cat__Application mode_16,0.010078901180948119,0.0,Application mode
cat__Mother's occupation_90,0.00969434386952095,0.4,Mother's occupation
cat__Mother's occupation_123,0.009626691379958974,0.4,Mother's occupation
num__Curricular units 1st sem (credited),0.009573686414101612,0.2,Curricular units 1st sem (credited)
cat__Father's occupation_152,0.009027146476039416,0.0,Father's occupation
cat__Father's qualification_6,0.008928310984712695,0.0,Father's qualification
cat__Father's occupation_193,0.00880423365607741,0.0,Father's occupation
num__Curricular units 1st sem (without evaluations),0.008336988399857637,0.2,Curricular units 1st sem (without evaluations)
cat__Father's occupation_90,0.008175596680298769,0.0,Father's occupation
cat__Father's qualification_37,0.007935754079195778,0.0,Father's qualification
cat__Mother's occupation_4,0.007777619198037211,0.0,Mother's occupation
cat__Father's occupation_153,0.007531237592789397,0.0,Father's occupation
cat__Course_9085,0.007510081226765886,0.0,Course
cat__Father's occupation_5,0.007201660892936168,0.0,Father's occupation
cat__Mother's occupation_6,0.006819921332912093,0.0,Mother's occupation
cat__Father's qualification_35,0.006814553013591684,0.0,Father's qualification
cat__Father's occupation_103,0.006805562988398739,0.0,Father's occupation
bin__Daytime/evening attendance,0.006738734229835286,0.0,Daytime/evening attendance
cat__Course_9238,0.006546328350975239,0.0,Course
cat__Previous qualification_40,0.006215733885088337,0.0,Previous qualification
num__Unemployment rate,0.006045896116953164,0.0,Unemployment rate
cat__Course_9773,0.0060118853500819025,0.0,Course
cat__Application mode_53,0.005919903036482932,0.0,Application mode
cat__Mother's occupation_141,0.005760568706857372,0.0,Mother's occupation
cat__Course_9991,0.00572592652526982,0.0,Course
cat__Previous qualification_5,0.005630075352321073,0.0,Previous qualification
cat__Course_9119,0.00560498512694374,0.0,Course
num__Application order,0.005287100743398776,0.0,Application order
cat__Mother's occupation_143,0.005134476592886683,0.0,Mother's occupation
cat__Mother's occupation_153,0.005082022498450467,0.0,Mother's occupation
cat__Father's qualification_14,0.0050536891953809615,0.0,Father's qualification
cat__Father's qualification_4,0.004865759247466572,0.0,Father's qualification
cat__Mother's occupation_99,0.004852847700909102,0.0,Mother's occupation
cat__Mother's qualification_34,0.004657916758524339,0.6,Mother's qualification
cat__Mother's qualification_2,0.00458529963898946,0.0,Mother's qualification
cat__Father's occupation_143,0.004414719525324795,0.0,Father's occupation
cat__Father's qualification_3,0.004411497674639886,0.2,Father's qualification
cat__Father's occupation_181,0.004243242409389003,0.0,Father's occupation
cat__Previous qualification_42,0.00399879739115816,0.0,Previous qualification
cat__Mother's occupation_5,0.003841160713390357,0.0,Mother's occupation
cat__Father's occupation_124,0.00379336980524303,0.0,Father's occupation
cat__Mother's occupation_171,0.003706045861310958,0.0,Mother's occupation
cat__Father's occupation_3,0.003499562468390671,0.0,Father's occupation
cat__Course_9500,0.0034857540613058013,0.4,Course
cat__Mother's occupation_1,0.003326054429368064,0.0,Mother's occupation
cat__Application mode_27,0.003321136741652131,0.0,Application mode
cat__Father's occupation_134,0.003109490686595162,0.0,Father's occupation
cat__Mother's qualification_6,0.002988861718425717,0.0,Mother's qualification
cat__Father's occupation_6,0.002953344724151652,0.2,Father's occupation
cat__Father's qualification_34,0.0029188849029071484,0.2,Father's qualification
cat__Father's qualification_40,0.002893527076149427,0.0,Father's qualification
bin__Displaced,0.0028235346571741093,0.2,Displaced
cat__Course_8014,0.0028203802505069042,0.0,Course
cat__Father's occupation_174,0.002817896737375314,0.0,Father's occupation
cat__Mother's qualification_43,0.0027171326613439906,0.0,Mother's qualification
cat__Father's occupation_114,0.002276484960579417,0.0,Father's occupation
cat__Father's qualification_13,0.002117147062783653,0.0,Father's qualification
cat__Mother's occupation_9,0.001982798774024852,0.0,Mother's occupation
cat__Mother's qualification_27,0.0019665703034501547,0.0,Mother's qualification
cat__Mother's occupation_191,0.0019479840774130341,0.0,Mother's occupation
cat__Previous qualification_2,0.0019199944346008913,0.0,Previous qualification
cat__Mother's occupation_125,0.0017190628590777468,0.0,Mother's occupation
cat__Father's occupation_141,0.0016671827262595418,0.0,Father's occupation
num__Inflation rate,0.0015027601899277876,0.0,Inflation rate
cat__Mother's qualification_12,0.0012565693328094873,0.0,Mother's qualification
cat__Application mode_17,0.0012356667750219597,0.0,Application mode
cat__Application mode_5,0.0011179361081032901,0.0,Application mode
cat__Application mode_57,0.0010725464010881147,0.0,Application mode
cat__Course_9130,0.0010324111553543514,0.0,Course
cat__Mother's qualification_1,0.0008936831465091721,0.0,Mother's qualification
cat__Mother's occupation_3,0.0008081748777470921,0.0,Mother's occupation
cat__Father's occupation_122,0.0007495739022933545,0.0,Father's occupation
cat__Mother's occupation_7,0.0005620959669336845,0.0,Mother's occupation
cat__Mother's qualification_5,0.0004766445133386199,0.0,Mother's qualification
cat__Mother's qualification_39,0.00038127587584346756,0.0,Mother's qualification
cat__Mother's qualification_22,0.0002840332918421229,0.0,Mother's qualification
cat__Previous qualification_38,0.0002482094940059465,0.0,Previous qualification
cat__Mother's occupation_2,0.00024702797685205446,0.0,Mother's occupation
cat__Father's qualification_33,0.00024284442227284764,0.0,Father's qualification
cat__Application mode_10,0.0,0.2,Application mode
cat__Mother's occupation_144,0.0,0.0,Mother's occupation
cat__Mother's occupation_193,0.0,0.0,Mother's occupation
cat__Mother's occupation_173,0.0,0.0,Mother's occupation
cat__Mother's occupation_192,0.0,0.0,Mother's occupation
cat__Mother's qualification_3,0.0,0.2,Mother's qualification
cat__Mother's occupation_151,0.0,0.0,Mother's occupation
cat__Mother's qualification_4,0.0,0.0,Mother's qualification
cat__Mother's occupation_175,0.0,0.0,Mother's occupation
cat__Mother's occupation_152,0.0,0.0,Mother's occupation
cat__Father's occupation_9,0.0,0.2,Father's occupation
cat__Mother's qualification_9,0.0,0.0,Mother's qualification
cat__Mother's qualification_44,0.0,0.0,Mother's qualification
cat__Previous qualification_39,0.0,0.0,Previous qualification
num__sem1_non_evaluation_rate,0.0,0.0,sem1_non_evaluation_rate
cat__Previous qualification_15,0.0,0.0,Previous qualification
cat__Previous qualification_14,0.0,0.2,Previous qualification
cat__Previous qualification_12,0.0,0.0,Previous qualification
cat__Previous qualification_10,0.0,0.2,Previous qualification
cat__Previous qualification_9,0.0,0.0,Previous qualification
cat__Previous qualification_6,0.0,0.0,Previous qualification
num__sem1_credited_share,0.0,0.0,sem1_credited_share
cat__Previous qualification_4,0.0,0.0,Previous qualification
cat__Application mode_2,0.0,0.0,Application mode
cat__Mother's qualification_42,0.0,0.0,Mother's qualification
cat__Mother's qualification_10,0.0,0.0,Mother's qualification
cat__Mother's qualification_41,0.0,0.0,Mother's qualification
cat__Mother's qualification_40,0.0,0.0,Mother's qualification
cat__Mother's qualification_38,0.0,0.0,Mother's qualification
cat__Mother's qualification_37,0.0,0.2,Mother's qualification
cat__Mother's qualification_36,0.0,0.0,Mother's qualification
cat__Mother's qualification_35,0.0,0.0,Mother's qualification
cat__Mother's qualification_30,0.0,0.4,Mother's qualification
cat__Application mode_26,0.0,0.0,Application mode
cat__Mother's qualification_19,0.0,0.0,Mother's qualification
cat__Mother's qualification_14,0.0,0.0,Mother's qualification
cat__Mother's qualification_11,0.0,0.0,Mother's qualification
cat__Mother's qualification_29,0.0,0.0,Mother's qualification
cat__Course_33,0.0,0.0,Course
cat__Mother's occupation_134,0.0,0.0,Mother's occupation
cat__Application mode_42,0.0,0.2,Application mode
cat__Father's qualification_2,0.0,0.2,Father's qualification
cat__Father's qualification_1,0.0,0.0,Father's qualification
cat__Father's occupation_195,0.0,0.0,Father's occupation
cat__Father's occupation_194,0.0,0.0,Father's occupation
cat__Course_9853,0.0,0.0,Course
cat__Father's occupation_192,0.0,0.0,Father's occupation
cat__Father's occupation_183,0.0,0.0,Father's occupation
cat__Father's occupation_182,0.0,0.0,Father's occupation
cat__Father's occupation_175,0.0,0.0,Father's occupation
cat__Father's occupation_172,0.0,0.0,Father's occupation
cat__Father's occupation_171,0.0,0.2,Father's occupation
cat__Father's occupation_163,0.0,0.0,Father's occupation
cat__Father's occupation_2,0.0,0.0,Father's occupation
cat__Father's occupation_4,0.0,0.0,Father's occupation
cat__Father's occupation_151,0.0,0.0,Father's occupation
cat__Father's occupation_144,0.0,0.0,Father's occupation
cat__Father's occupation_135,0.0,0.0,Father's occupation
cat__Father's occupation_132,0.0,0.0,Father's occupation
cat__Father's occupation_131,0.0,0.0,Father's occupation
cat__Father's occupation_123,0.0,0.2,Father's occupation
cat__Father's occupation_121,0.0,0.0,Father's occupation
cat__Father's occupation_112,0.0,0.0,Father's occupation
cat__Father's occupation_7,0.0,0.0,Father's occupation
cat__Father's occupation_99,0.0,0.0,Father's occupation
cat__Father's occupation_8,0.0,0.0,Father's occupation
cat__Course_9670,0.0,0.0,Course
cat__Course_9556,0.0,0.2,Course
cat__Course_9254,0.0,0.0,Course
cat__Father's qualification_38,0.0,0.0,Father's qualification
cat__Mother's occupation_131,0.0,0.0,Mother's occupation
cat__Application mode_43,0.0,0.0,Application mode
cat__Mother's occupation_122,0.0,0.0,Mother's occupation
cat__Application mode_44,0.0,0.0,Application mode
cat__Application mode_51,0.0,0.0,Application mode
cat__Father's occupation_10,0.0,0.0,Father's occupation
cat__Course_171,0.0,0.0,Course
cat__Mother's occupation_0,0.0,0.4,Mother's occupation
cat__Father's qualification_43,0.0,0.0,Father's qualification
cat__Father's qualification_41,0.0,0.0,Father's qualification
cat__Father's qualification_39,0.0,0.0,Father's qualification
cat__Father's qualification_36,0.0,0.0,Father's qualification
cat__Course_9147,0.0,0.0,Course
cat__Course_9003,0.0,0.0,Course
cat__Father's qualification_31,0.0,0.0,Father's qualification
cat__Father's qualification_30,0.0,0.0,Father's qualification
cat__Father's qualification_29,0.0,0.0,Father's qualification
cat__Father's qualification_27,0.0,0.0,Father's qualification
cat__Father's qualification_26,0.0,0.0,Father's qualification
cat__Father's qualification_25,0.0,0.0,Father's qualification
cat__Father's qualification_22,0.0,0.0,Father's qualification
cat__Father's qualification_19,0.0,0.4,Father's qualification
cat__Course_9070,0.0,0.2,Course
cat__Father's qualification_12,0.0,0.0,Father's qualification
cat__Previous qualification_43,0.0,0.2,Previous qualification
