model,selection,param_clf__max_depth,param_clf__max_features,param_clf__min_samples_leaf,mean_test_pr_auc,std_test_pr_auc,rank_test_pr_auc,mean_test_roc_auc,std_test_roc_auc,mean_fit_time
random_forest,none,18,sqrt,2,0.8094307003557532,0.011228998692957898,1,0.8730747314066638,0.012253282569067409,1.9404510974884033
random_forest,none,22,sqrt,9,0.8069480136959541,0.01169618193734242,2,0.8696489080351821,0.0125306168045797,1.6438683986663818
random_forest,none,18,0.5,9,0.8052538668258773,0.00971871351429245,3,0.871139340786773,0.008818006746655324,4.7576395034790036
random_forest,none,8,0.5,8,0.8051409249610076,0.010292957944277816,4,0.8706802508915308,0.008883346524881128,3.981599807739258
random_forest,none,18,0.5,15,0.8049703147026115,0.010003153265021065,5,0.8687687460396422,0.010370447987844053,4.384667015075683
random_forest,none,8,0.5,15,0.8047493431496016,0.010317033427845497,6,0.8680874568220238,0.010633117994796082,3.3154613971710205
random_forest,none,12,0.5,10,0.8045056384829037,0.010360614442896252,7,0.8698968582361811,0.009314487764512727,4.7211939811706545
random_forest,none,17,0.5,16,0.8044563422685378,0.010420959391918486,8,0.8681036431067586,0.010670038233862285,4.41478419303894
random_forest,none,13,0.5,4,0.803933456666819,0.010930434716774984,9,0.8726187697790264,0.008791742112322191,5.429923486709595
random_forest,none,19,0.5,24,0.8035596244809688,0.010839172269666566,10,0.8663681892490148,0.01160856295601334,4.052309894561768
random_forest,none,8,0.5,23,0.8032089008497525,0.011059842116938973,11,0.8655182490416811,0.011913550019149878,3.797040843963623
random_forest,none,14,0.5,25,0.8031740501450478,0.01114222177824458,12,0.8657896519019868,0.011706483779134061,3.6433759212493895
random_forest,none,24,0.5,23,0.8030370026837638,0.010779573995425928,13,0.8656097513335805,0.011338910062005967,3.8255467891693113
random_forest,none,21,sqrt,15,0.8029587918526315,0.012775735733571285,14,0.8674201194720554,0.012908631297466219,1.499791193008423
random_forest,none,20,log2,5,0.8028962816601677,0.008396290345463533,15,0.8659760768678575,0.01197367853948859,1.2916253089904786
random_forest,none,10,sqrt,16,0.8020986814654698,0.0124322772634082,16,0.8658748608200846,0.012607969954817754,1.2940097332000733
random_forest,none,11,sqrt,17,0.8015913364896725,0.011355711125038396,17,0.8659596536679629,0.01185375024953829,1.4087486743927002
random_forest,none,6,0.5,34,0.8012472454976904,0.011602153151545322,18,0.863583891107439,0.012227691658975921,3.441778230667114
random_forest,none,4,0.5,12,0.7998970547558379,0.012128794106329131,19,0.8641830668529022,0.010878741500068923,2.8195693492889404
random_forest,none,14,sqrt,22,0.7993576020187486,0.01262364749237227,20,0.8647581499752264,0.01237877568904696,1.270698356628418
random_forest,none,10,sqrt,25,0.7967437211374314,0.011846882738055732,21,0.8633369088358365,0.012723437787296446,1.405796194076538
random_forest,none,21,log2,10,0.7966346017274066,0.008309042472615881,22,0.8620817970753485,0.011646339971020587,1.2208588600158692
random_forest,none,16,sqrt,30,0.7945208184001629,0.011474255915692516,23,0.8616645818132603,0.01267225966511874,1.4157052516937256
random_forest,none,15,sqrt,28,0.7944985493281314,0.010757625777894289,24,0.8620456357881003,0.012093491240613768,2.3784460544586183
random_forest,none,6,sqrt,36,0.7909572899172239,0.010599526710508187,25,0.8583627238681725,0.01182645603531035,1.259018611907959
random_forest,none,5,log2,7,0.7898910710415121,0.008188398498253048,26,0.8560403581853269,0.011126157745404779,1.0125036239624023
random_forest,none,10,log2,20,0.7896468520493969,0.009454018263031848,27,0.8569548507859283,0.011664016327907168,1.0083771705627442
random_forest,none,24,sqrt,40,0.7893464218977162,0.011956627599396428,28,0.8586709236613597,0.012004516721231649,1.2787517070770265
random_forest,none,5,sqrt,34,0.7892984444224931,0.010764179697266717,29,0.8569926774419733,0.012263552174667229,1.1648972988128663
random_forest,none,24,log2,21,0.788978480856457,0.008986864771828222,30,0.8569211855183048,0.01159914954260374,1.0429526805877685
random_forest,none,15,log2,23,0.7884045525140932,0.009660028786927243,31,0.8567662852317529,0.011487683684147397,1.1989047050476074
random_forest,none,11,log2,24,0.7880556716119871,0.009099003759483488,32,0.8564518009187468,0.012093568814997657,1.0642172336578368
random_forest,none,16,log2,25,0.7867293497914893,0.008896576485690174,33,0.8558249497836936,0.01176169631319063,1.125862455368042
random_forest,none,24,log2,25,0.7866619324372994,0.009061720939106219,34,0.8557535580824185,0.01176115692389381,1.0027004718780517
random_forest,none,13,log2,30,0.7839829036558151,0.009861061346538472,35,0.8543418416354163,0.012099412965133014,1.0446859359741212
random_forest,none,21,log2,35,0.7828339641262813,0.010451630515239275,36,0.8538142793090046,0.01295971159799601,1.0689830780029297
random_forest,none,11,log2,34,0.7827232165593754,0.010544893401802626,37,0.8535601284918031,0.012989094458984935,1.0759215831756592
random_forest,none,13,log2,37,0.781619831870144,0.0102475162242282,38,0.8529605559741196,0.012573796469340984,1.0619781494140625
random_forest,none,15,log2,39,0.7813024600652458,0.009457407604862595,39,0.8529448830864608,0.011741580774098898,1.0212612628936768
random_forest,none,8,log2,40,0.7804934086016587,0.009090529437876409,40,0.852030676943151,0.011975912893255882,1.0202001571655273
random_forest,decided,20,log2,5,0.8087761524846154,0.010981906096010246,1,0.8718039888191175,0.01043006314726462,1.2933195590972901
random_forest,decided,18,sqrt,2,0.8081003553372085,0.01291453816113971,2,0.8711816580771993,0.011892319143809652,1.5301763534545898
random_forest,decided,22,sqrt,9,0.8067670746335365,0.011819294399963468,3,0.8710534137169818,0.011425768030784815,1.3116267681121827
random_forest,decided,21,log2,10,0.8044723849738743,0.012283948527251105,4,0.870302579380621,0.010908045393070512,1.2499192237854004
random_forest,decided,21,sqrt,15,0.8025430322345178,0.012722155029976496,5,0.8696202937552491,0.011488047724997784,1.2585333824157714
random_forest,decided,13,0.5,4,0.8017140848332929,0.01368331506689437,6,0.8674787849378476,0.011752774618187143,2.0582252502441407
random_forest,decided,10,sqrt,16,0.8013972936708138,0.01287071629061404,7,0.8684382409226631,0.011598459806514935,1.1631913661956788
random_forest,decided,11,sqrt,17,0.8008284679038912,0.012408303877442597,8,0.8686008101219743,0.01126085285713142,1.2637221813201904
random_forest,decided,8,0.5,8,0.8007906622175464,0.012802166968109518,9,0.865971265715969,0.01065209340545906,1.7082156658172607
random_forest,decided,18,0.5,9,0.8006830595607684,0.011579177227004925,10,0.865746667943515,0.010630818883038875,1.896981906890869
random_forest,decided,5,log2,7,0.8003486777028866,0.010238142869922065,11,0.8657604752184366,0.01168126883626637,1.0773948192596436
random_forest,decided,12,0.5,10,0.8001879574151122,0.01194778669891824,12,0.8658969615064198,0.010947848393117835,1.9089880466461182
random_forest,decided,8,0.5,15,0.7991833998054585,0.011998036975847627,13,0.8641737594010881,0.011909818608011368,1.3341852188110352
random_forest,decided,17,0.5,16,0.798671892534826,0.01221371091217773,14,0.8640286527989403,0.011969928576460193,1.8244612216949463
random_forest,decided,18,0.5,15,0.7986401868814296,0.011975141284973559,15,0.8639149093034876,0.011957545062794579,1.8190245628356934
random_forest,decided,24,0.5,23,0.7971983236550504,0.013040044048188267,16,0.8631436935517621,0.012420721333530772,1.6424866676330567
random_forest,decided,8,0.5,23,0.7969428489146314,0.01282861050277314,17,0.8627149804563654,0.012555020263192924,1.6309582233428954
random_forest,decided,4,0.5,12,0.7966233803393369,0.01295645689744243,18,0.8629252364428357,0.012416449010294674,1.3779376983642577
random_forest,decided,19,0.5,24,0.7966176541326866,0.01326985362340226,19,0.8627258692561991,0.012861156149315153,1.714513349533081
random_forest,decided,14,sqrt,22,0.7957236999781252,0.014384416035763951,20,0.8670196500613626,0.011711375811126709,1.1326056957244872
random_forest,decided,10,log2,20,0.7956245761828749,0.012794391232917559,21,0.8669786504242655,0.010786540516229568,1.1468963146209716
random_forest,decided,14,0.5,25,0.7955335204545937,0.013731538486123537,22,0.8625935127400538,0.013033442593057812,1.6507649898529053
random_forest,decided,24,log2,21,0.7952146971105826,0.01303839827451021,23,0.8667010059248639,0.010845301304759863,1.1722052574157715
random_forest,decided,10,sqrt,25,0.7943542790488696,0.014493549354489607,24,0.8659147680531796,0.011387545179395388,1.216298770904541
random_forest,decided,11,log2,24,0.7941873465371486,0.012668450511641149,25,0.8660043091628923,0.010448639992808286,1.1560941219329834
random_forest,decided,15,log2,23,0.7940966857316464,0.013021394836387598,26,0.8662983693471826,0.010474478079258904,1.1485719203948974
random_forest,decided,6,0.5,34,0.7932664401896494,0.015119374909533388,27,0.8613195606090269,0.01252310482725393,1.5187965393066407
random_forest,decided,16,log2,25,0.7928765692070827,0.012694380560886998,28,0.8653750031733743,0.010352091168801193,1.1745376110076904
random_forest,decided,24,log2,25,0.7928192429870073,0.012736733471212729,29,0.8653493751960596,0.010382908571681592,1.1016184329986571
random_forest,decided,15,sqrt,28,0.7925202312658912,0.014290438048205012,30,0.864931892607307,0.011360261965165598,1.1780070781707763
random_forest,decided,16,sqrt,30,0.7915835384641353,0.014802506657920024,31,0.8643973247640577,0.011366120538528899,1.2403838634490967
random_forest,decided,5,sqrt,34,0.7914958411856322,0.012072558267384912,32,0.8628081786792009,0.011210840296208157,1.0745430946350099
random_forest,decided,13,log2,30,0.7908899537116376,0.012775061545361257,33,0.8641701346409857,0.010787241378072809,1.1104549884796142
random_forest,decided,6,sqrt,36,0.7904796814381934,0.013161802426461667,34,0.8626628553302271,0.011325392304615033,1.1444536209106446
random_forest,decided,24,sqrt,40,0.7899050341013718,0.013653135277179327,35,0.8626396779310209,0.011254889238944155,1.157884454727173
random_forest,decided,11,log2,34,0.7891781416852331,0.013218894401168973,36,0.8632803870463635,0.010922027680593551,1.11773681640625
random_forest,decided,21,log2,35,0.7890377440311613,0.013154575960319022,37,0.8630382042942906,0.010877950741329545,1.1128551006317138
random_forest,decided,8,log2,40,0.7882186358583408,0.012673666838968901,38,0.8624555052743089,0.010935430369422586,1.1130090236663819
random_forest,decided,13,log2,37,0.7879724344243696,0.012651625873583988,39,0.8625195390903352,0.010403988526637712,1.1632516860961915
random_forest,decided,15,log2,39,0.7875235216054786,0.012784198022064827,40,0.8622770834548454,0.01070321566290937,1.0746386051177979
